How did serfdom develop in and then leave Russia ?	UNKNOWN
What films featured the character Popeye Doyle ?	WHAT
How can I find a list of celebrities ' real names ?	UNKNOWN
What fowl grabs the spotlight after the Chinese Year of the Monkey ?	WHAT
What is the full form of .com ?	WHAT
What contemptible scoundrel stole the cork from my lunch ?	WHO
What team did baseball 's St. Louis Browns become ?	WHO
What is the oldest profession ?	WHO
What are liver enzymes ?	UNKNOWN
Name the scar-faced bounty hunter of The Old West .	WHO
When was Ozzy Osbourne born ?	WHEN
Why do heavier objects travel downhill faster ?	UNKNOWN
Who was The Pride of the Yankees ?	WHO
Who killed Gandhi ?	WHO
What is considered the costliest disaster the insurance industry has ever faced ?	WHAT
What sprawling U.S. state boasts the most airports ?	UNKNOWN
What did the only repealed amendment to the U.S. Constitution deal with ?	UNKNOWN
How many Jews were executed in concentration camps during WWII ?	UNKNOWN
What is `` Nine Inch Nails '' ?	UNKNOWN
What is an annotated bibliography ?	UNKNOWN
What is the date of Boxing Day ?	WHEN
What articles of clothing are tokens in Monopoly ?	WHAT
Name 11 famous martyrs .	WHO
What 's the Olympic motto ?	UNKNOWN
What is the origin of the name ` Scarlett ' ?	UNKNOWN
What 's the second-most-used vowel in English ?	WHAT
Who was the inventor of silly putty ?	WHO
What is the highest waterfall in the United States ?	UNKNOWN
Name a golf course in Myrtle Beach .	WHAT
Which two states enclose Chesapeake Bay ?	UNKNOWN
What does the abbreviation AIDS stand for ?	WHAT
What does a spermologer collect ?	WHAT
How many points make up a perfect fivepin bowling score ?	UNKNOWN
Which company that manufactures video-game hardware sells the `` super system '' ?	WHO
How many Community Chest cards are there in Monopoly ?	UNKNOWN
What do Mormons believe ?	UNKNOWN
When did the neanderthal man live ?	WHEN
In what religion was Isis the nature goddess ?	WHAT
Where do the adventures of `` The Swiss Family Robinson '' take place ?	UNKNOWN
What relative of the racoon is sometimes known as the cat-bear ?	WHAT
How can I register my website in Yahoo for free ?	UNKNOWN
What was cash-conscious Colonel Edwin L. Drake the first to drill ?	WHAT
How many people in the world speak French ?	UNKNOWN
How many inches over six feet is the Venus de Milo ?	UNKNOWN
How do they find or choose witnesses to an execution ?	UNKNOWN
What 1920s cowboy star rode Tony the Wonder Horse ?	WHO
What cocktail inspired John Doxat to write the book Stirred-Not Shaken ?	WHAT
What ISPs exist in the Caribbean ?	WHO
How do you ask a total stranger out on a date ?	UNKNOWN
What weapon is the mythological character Apollo most proficient with ?	WHAT
What country do the Galapagos Islands belong to ?	UNKNOWN
What is ethology ?	UNKNOWN
Who was the prophet of the Muslim people ?	WHO
Where did the term `` 86ed '' come from ?	UNKNOWN
Who is Snoopy 's arch-enemy ?	WHO
What is the nature of learning ?	UNKNOWN
What 's the only color Johnny Cash wears on stage ?	WHAT
What 's the term for a young fox ?	WHAT
What U.S. state lived under six flags ?	UNKNOWN
What is the Kashmir issue ?	UNKNOWN
Where is the Loop ?	UNKNOWN
What does `` extended definition '' mean and how would one write a paper on it ?	UNKNOWN
What country 's capital is Tirana ?	UNKNOWN
What is titanium ?	UNKNOWN
Who do Herb and Tootsie live next door to ?	WHO
Which city has the oldest relationship as a sister city with Los Angeles ?	UNKNOWN
What is a caldera ?	UNKNOWN
Why do people get calluses ?	UNKNOWN
What are the names of the tourist attractions in Reims ?	UNKNOWN
What are Cushman and Wakefield known for ?	UNKNOWN
What body of water does the Danube River flow into ?	UNKNOWN
Who is the founder of Scientology ?	WHO
What does the six-footed Musca domestica become when it enters a house ?	WHAT
What is the history of skateboarding ?	UNKNOWN
Who starred in Singing in the Rain and The Singing Nun ?	WHO
How do I make fuel bricks from recycled newspaper ?	UNKNOWN
What 19th-century painter died in the Marquesas Islands ?	WHO
The corpus callosum is in what part of the body ?	WHAT
How do I log on to home page at Headquarters U.S. European Command ?	UNKNOWN
What country did the Nazis occupy for 1 , CD NNS IN NNP NNP NNP .	UNKNOWN
What is Nebraska 's most valuable resource ?	WHAT
How many species of the Great White shark are there ?	UNKNOWN
What is the origin of head lice ?	UNKNOWN
What is the nickname for the state of Mississippi ?	UNKNOWN
What was the first domesticated bird ?	WHAT
How many villi are found in the small intestine ?	UNKNOWN
What country did King Wenceslas rule ?	UNKNOWN
What is a fear of shadows ?	WHAT
Who were the five Marx brothers ?	WHO
In which year was New Zealand excluded from the ANZUS alliance ?	WHEN
When did CNN begin broadcasting ?	WHEN
What causes the body to shiver in cold temperatures ?	UNKNOWN
What are bear and bull markets ?	UNKNOWN
What J.R.R. Tolkien book features Bilbo Baggins as the central character ?	WHAT
What is `` dew point '' ?	UNKNOWN
What is the meaning of Jesus ?	UNKNOWN
What company 's logo is a `` W '' in a circle ?	WHO
What is the definition of a cascade ?	UNKNOWN
When did Rococo painting and architecture flourish ?	WHEN
What country 's national passenger rail system is called Via ?	UNKNOWN
Who invented Make-up ?	WHO
What is the origin of the word `` attic '' ?	UNKNOWN
What did Delilah do to Samson 's hair ?	UNKNOWN
What kind of animals were in the Paleozoic era ?	WHAT
Which of the following was Rhodes Scholar ?	WHO
Who comprised the now-defunct comic book team known as the Champions ?	WHO
How do you make a paintball ?	UNKNOWN
What U.S. state is Fort Knox in ?	UNKNOWN
What is a female rabbit called ?	WHAT
Where is the highest point in Japan ?	UNKNOWN
Where do chihuahuas come from ?	UNKNOWN
Where does Barney Rubble go to work after he drops Fred off in the `` Flintstones '' cartoon series ?	UNKNOWN
What are the world 's four oceans ?	UNKNOWN
What 's the only work by Michelangelo that bears his signature ?	WHAT
What is the largest snake in the world ?	WHAT
In what medium is Stuart Hamblen considered to be the first singing cowboy ?	WHAT
Where on the Internet can I find a song lyrics database similar to the International Lyrics Server ?	UNKNOWN
How much money does a back injury lawsuit get ?	UNKNOWN
What 's the common name for acetylsalicylic acid ?	WHAT
What does the Georgetown `` Hoya '' mean ?	UNKNOWN
Where can I find a list of `` classic '' books 5th and 6th graders should read ?	UNKNOWN
Which two products use a tiger as their symbol ?	WHAT
How is the election of a new Pope announced to the world ?	UNKNOWN
How long does it take for your blood to make one complete trip through the body ?	UNKNOWN
How do chickens have baby chicks ?	UNKNOWN
What is the historical relationship of Catholic Church and bingo ?	UNKNOWN
How was the element calcium named ?	UNKNOWN
What crooner joined The Andrews Sisters for Pistol Packin Mama ?	WHO
What piano company claims its product is the `` Instrument of the immortals '' ?	WHO
When did the Bounty mutiny take place ?	WHEN
What novel inspired the movie BladeRunner ?	WHAT
What is a transistor ?	UNKNOWN
What is a film starring Jude Law ?	WHAT
What Hollywood dog died in the arms of Jean Harlow in 1932 ?	WHAT
What are the most common elements in the Earth 's crust ?	WHAT
How much would it cost to purchase a 2-foot-square party tent , with sides , ?	UNKNOWN
What actress has received the most Oscar nominations ?	WHO
What are equity securities ?	UNKNOWN
What is gymnophobia ?	UNKNOWN
How many years do fossils take to form ?	UNKNOWN
Where is the Orinoco ?	UNKNOWN
What was the name of the `` Little Rascals '' dog ?	WHAT
What city boasts Penn 's Landing , on the banks of the Delaware river ?	UNKNOWN
What Broadway musical was inspired by Cervantes 's Don Quixote ?	WHAT
What is the origin of the word , JJ .	UNKNOWN
How many hostages were killed in the Entebbe raid ?	UNKNOWN
How you can raise your IQ ?	UNKNOWN
What does INRI stand for when used on Jesus ' cross ?	WHAT
Who produces Spumante ?	WHO
Who earns their money the hard way ?	WHO
Who founded the People 's Temple Commune ?	WHO
What athlete makes the most money from sports merchandise sales ?	WHO
How many bends are there in a standard paper clip ?	UNKNOWN
Who discovered electricity ?	WHO
What part of your body contains the corpus callosum ?	WHAT
Who was the first American in space ?	WHO
What two South American countries do n't border Brazil ?	UNKNOWN
What album put The Beatles on the cover of Time in 1967 ?	WHAT
What poem contains the line , `` grow old with me the best is yet to be '' .	WHAT
What is a dental root canal ?	UNKNOWN
What war did the Wanna-Go-Home Riots occur after ?	WHAT
What is the busiest air travel season ?	WHEN
What 's the colored part of the eye called ?	WHAT
What are hook worms ?	UNKNOWN
Where is the Rose Bowl played ?	UNKNOWN
Which Japanese car maker had its biggest percentage of sale in the domestic market ?	WHO
Who is the mayor of Marbella ?	WHO
What sun-blasted , 14-mile wide valley is just north of the Mojave desert ?	UNKNOWN
In what year did Thatcher become prime minister ?	WHEN
How many months does it take the moon to revolve around the Earth ?	UNKNOWN
Where are the 49 steps ?	UNKNOWN
In what year was De Gaulle elected president of France ?	WHEN
Who sings the themes for `` Dawson 's Creek '' and `` Felicity '' ?	WHO
Who directed `` Jaws '' ?	WHO
On what T.V. show could Tom Terrific be found ?	WHAT
What Indian tribe is F Troop perpetually doing battle with ?	WHO
Where did Indian Pudding come from ?	UNKNOWN
Why do some clothing labels say `` Use a nonchlorine bleach '' ?	UNKNOWN
How many colonies were involved in the American Revolution ?	UNKNOWN
What is the name of the city that Maurizio Pellegrin lives in ?	UNKNOWN
Where can I find pictorial directions on how to build a very simple treehouse ?	UNKNOWN
What game 's board shows the territories of Irkutsk , Yakutsk and Kamchatka ?	WHAT
What is the name of the managing director of Apricot Computer ?	WHO
What is the occupation of Nicholas Cage ?	WHO
Why do horseshoes bring luck ?	UNKNOWN
What is the 401 , K , plan ?	UNKNOWN
What causes pneumonia ?	UNKNOWN
What are the three winter months in the southern hemisphere ?	WHEN
What does gringo mean ?	UNKNOWN
What country contains Africa 's northernmost point ?	UNKNOWN
What therapy attempts to elicit the `` primal scream '' ?	WHAT
Where is the Kalahari desert ?	UNKNOWN
Which Ventura County police department seized the largest cocaine shipment in it 's history ?	WHO
What city is sometimes called Gotham ?	UNKNOWN
What dangles over the tongue from the palate ?	WHAT
Who created Dennis the Menace ?	WHO
What dummy received an honorary degree from Northwestern University ?	WHO
When was the first Wall Street Journal published ?	WHEN
What countries have the largest areas of forest ?	UNKNOWN
How do I start a web based business ?	UNKNOWN
Name Alvin 's brothers	WHO
What is Eagle 's syndrome styloid process ?	UNKNOWN
How did Jayne Mansfield die ?	UNKNOWN
When did the royal wedding of Prince Andrew and Fergie take place ?	WHEN
What actor said in A Day at the Races : `` Either he 's dead or my watch has stopped '' ?	WHO
What explorer was nicknamed Iberia 's Pilot ?	WHO
CNN began broadcasting in what year ?	WHEN
What is a ball that hits the foul pole called ?	WHAT
What makes hamburgers taste like steakburgers ?	UNKNOWN
Which company created the Internet browser Mosaic ?	WHO
What are the rites accompanying the circumcision of a newly born-child in Judaism called ?	WHAT
What was the education system in the 1960 's ?	WHAT
What South American city has the world 's highest commercial landing field ?	UNKNOWN
How can I find out which cities have cable-modem access ?	UNKNOWN
What is Betsy Ross famous for ?	UNKNOWN
How many species of sharks are there ?	UNKNOWN
What is `` snoogans '' ?	UNKNOWN
How many people are there in the world ?	UNKNOWN
What shrubs can be planted that will be safe from deer ?	WHAT
What organization 's offices were broken into at Watergate in 1972 ?	WHO
What is the design of the ship Titanic ?	UNKNOWN
What does S.O.S. stand for ?	WHAT
Name a technique widely used to detect birth defects ?	WHAT
What is the daily requirement of folic acid for an expectant mother ?	UNKNOWN
What is the `` 7-minute cigarette '' ?	UNKNOWN
What four forms does gold occur in ?	WHAT
What is the acreage of the Chappellet vineyard ?	UNKNOWN
How do you correctly say the word ` qigong ' ?	UNKNOWN
When did beethoven die ?	WHEN
How much does a new railroad coal car cost ?	UNKNOWN
What two European countries entered the War of American Independence against the British ?	UNKNOWN
What is the filmmakers collabrative ?	UNKNOWN
What Russian composer 's Prelude in C Sharp Minor brought him fame and fortune ?	WHO
What caused Harry Houdini 's death ?	UNKNOWN
Who was the mother of the man who would not be king , the duke of Windsor ?	WHO
How many revolutions does a standard LP make in three minutes ?	UNKNOWN
What is the name of the tallest mountain in the world ?	UNKNOWN
Where can I find a review of Nightmare on Elm Street in a film journal ?	UNKNOWN
What 's the slowest Olympic swimming stroke ?	WHAT
What was the name of the first Russian astronaut to do a spacewalk ?	WHO
What disease is transmitted by the Anopheles mosquito ?	WHAT
What rum is so `` mixable '' it is a one-brand bar ?	WHAT
How many South American countries have the letter Z in their names ?	UNKNOWN
What is the contents of proposition 98 ?	UNKNOWN
Where was George Washington born ?	UNKNOWN
How many people on the ground were killed from the bombing of Pan Am Flight 103 over Lockerbie , Scotland , December 21 , CD .	UNKNOWN
Who wrote NN DT NNP NNP '' ?	WHO
What is paracetamol ?	UNKNOWN
What are the powers and weaknesses of Green Lantern 's ring ?	UNKNOWN
Which mosquito 's bite draws blood , DT NN CC DT NN .	WHAT
When was the first steel mill in the United States built ?	WHEN
What diminutive American female gymnast stole the show at the 1984 Olympics ?	WHO
What is the origin of the name Katie ?	UNKNOWN
What schools in the Washington , DC NN NN VBP NN NN NN NN .	WHO
When did the Berlin Wall go up ?	WHEN
Who is Terrence Malick ?	WHO
What instrument is Ray Charles best known for playing ?	WHAT
What 's the meaning of the Latin battle cry : Ad arma , ad arma .	UNKNOWN
What is the mascot for Notre Dame University ?	WHAT
What Las Vegas hotel burned in November , 1980 , with the loss of 84 lives ?	UNKNOWN
When did Mount St. Helen last have a significant eruption ?	WHEN
CNN is the abbreviation for what ?	WHAT
When did World War I start ?	WHEN
How many feet are there in a fathom ?	UNKNOWN
What is a Canada two-penny black ?	UNKNOWN
What European city do Nicois live in ?	UNKNOWN
How can I find out what year a Beanie Baby was introduced ?	UNKNOWN
What is the classic definition of tragic hero ?	UNKNOWN
To what does Microsoft 's Windows 3 owe its success ?	WHAT
Who was President of Afghanistan in 1994 ?	WHO
What are other ways of getting stretch marks besides pregnancy , weight loss , and weight lifting ?	WHAT
What did brontosauruses eat ?	WHAT
What color bottles do good Rhine wines come in ?	WHAT
Who was the lead actress in the movie ` Sleepless in Seattle ' ?	WHO
Who was the 16th President of the United States ?	WHO
Who are the two sons of Ozzie and Harriet Nelson ?	WHO
What is molybdenum ?	UNKNOWN
When is Boxing Day ?	WHEN
What is the lowest level of the American judiciary ?	WHAT
When was the battle of the Somme fought ?	WHEN
How many people did Randy Craft kill ?	UNKNOWN
What 's the official animal of Canada ?	WHAT
When did Spielberg direct `` Jaws '' ?	WHEN
What is the size of the largest akita ?	UNKNOWN
What animal has the biggest eyes ?	WHAT
What is California 's capital ?	UNKNOWN
Who was the author of the book about computer hackers called `` The Cuckoo 's Egg : Tracking a Spy Through the Maze of Computer Espionage '' ?	WHO
Who was the founding member of the Pink Floyd band ?	WHO
What European country is home to the beer-producing city of Budweis ?	UNKNOWN
How do I find the balance of my social security account ?	UNKNOWN
What is the history of Valentine 's Day cards ?	UNKNOWN
Where was Christopher Columbus born ?	UNKNOWN
What do Italians call Florence ?	WHAT
How do you get to the top of the Eiffel Tower ?	UNKNOWN
What does ` PSI ' stand for ?	WHAT
What sea did the Romans call mare nostrum ?	UNKNOWN
What 's the term for a bet before cards are dealt ?	WHAT
Which came first , according to Genesis 1 : 2 : 22 - the chicken or the egg ?	WHAT
What city did the Flintstones live in ?	UNKNOWN
What is Latin for incompetent ?	WHAT
What chemicals are used in lethal injection ?	WHAT
What toy company is the world 's No.1 maker of female apparel ?	WHO
What board game does a `` wood-pusher '' play poorly ?	WHAT
Which Doonesbury character was likely to turn into a werewolf ?	WHO
What is the abbreviation for micro ?	WHAT
What are the 7 articles of the constitution ?	WHAT
Who has won the most Super Bowls ?	WHO
What does NASDAQ stand for ?	WHAT
What is BPH ?	WHAT
What is the fastest commercial automobile that can be bought in the US ?	WHAT
What stadium do the Miami Dolphins play their home games in ?	UNKNOWN
Who has the only speaking role in `` Silent Movie '' ?	WHO
Why is poop sometimes different colors ?	UNKNOWN
What was Einstein 's IQ ?	UNKNOWN
What day was Pearl Harbor attacked in 1942 ?	WHEN
What girl 's name is `` Teddy '' an affectionate form of ?	WHO
What state is John F. Kennedy buried in ?	UNKNOWN
What is the best way to remove wallpaper ?	WHAT
What U.S. state has an element named for it ?	UNKNOWN
What company tabulates the ballots in voting for the Academy Awards ?	WHO
How did the tradition of best man start ?	UNKNOWN
How many years ago did the ship Titanic sink ?	UNKNOWN
What is the deepest area of the Arctic Ocean ?	UNKNOWN
What are Halloween 's colors ?	WHAT
How is silk screening done ?	UNKNOWN
What is the latitude and longitude of El Paso , Texas ?	UNKNOWN
Who made a boat out of gopher wood ?	WHO
Where can I find a `` Fifth Element '' screensaver ?	UNKNOWN
Which Bloom County resident wreaks havoc with a computer ?	WHO
How do you match a name to a social security number ?	UNKNOWN
How does a rainbow form ?	UNKNOWN
What is the normal resting heart rate of a healthy adult ?	UNKNOWN
What is the population of Ohio ?	UNKNOWN
How many calories are there in a Big Mac ?	UNKNOWN
Hazmat stands for what ?	UNKNOWN
What creature scares people in the film `` Jaws '' ?	WHAT
What part did John Peter Zenger play in the deveopment of the newspaper in America ?	WHO
Who followed Caesar ?	WHO
What are the four elements ?	WHAT
Who was the first woman golfer to earn a million ?	WHO
What 's the tallest piece on a chessboard ?	WHAT
What is Answers.com 's address ?	UNKNOWN
Where can I buy movies on videotape online ?	UNKNOWN
Who does the advertizing for Frito-Lay ?	WHO
Who is the leading competitor of Trans Union Company ?	WHO
What product did Robert Conrad dare people to knock off his shoulder ?	WHAT
Who invented the radio ?	WHO
What 's the American dollar equivalent for 8 pounds in the U.K. ?	UNKNOWN
What are the different approaches of systems analysis ?	WHAT
How do doctors diagnose bone cancer ?	UNKNOWN
Who is the man behind the pig-the man who pulls the strings and speaks for Miss Piggy ?	WHO
What is the speed of the Mississippi River ?	UNKNOWN
What are the developmental stages of a swimmer ?	WHAT
What actor first portrayed James Bond ?	WHO
What ocean is the largest in the world ?	UNKNOWN
Who was the first American poet to win the Nobel Prize for literature , in 1948 ?	WHO
What year did Jack Nicklaus join the Professional Golfers Association tour ?	WHEN
How many sonnets did Shakespeare write ?	UNKNOWN
What causes the redness in your cheeks when you blush ?	UNKNOWN
Who won the Nobel Peace Prize in 1991 ?	WHO
Who are the Challengers of the Unknown ?	WHO
Define the Pheonix Club ?	UNKNOWN
Which city did Christian Crusaders fight to recapture from the Muslims ?	UNKNOWN
What does it mean `` Rupee Depreciates '' ?	UNKNOWN
What gaming devices were dubbed `` Mississippi marbles '' and `` Memphis dominoes '' ?	WHAT
Who was the first coach of the Cleveland Browns ?	WHO
How successful is arometherapy ?	UNKNOWN
What Jewish holiday saw the start of the 1973 Mideast War ?	WHAT
How does a copier work ?	UNKNOWN
What is the speed of the Mississippi River ?	UNKNOWN
Who said of Super Bowl III in 1969 : `` We 'll win- I guarantee it '' ?	WHO
What is Dudley Do-Right 's horse 's name ?	WHAT
Who declared : `` I am down on whores and I shan 't stop ripping them '' ?	WHO
Where does chocolate come from ?	UNKNOWN
What TV game show once saw a contestant admit to picking his toes in the shower ?	WHAT
What Soviet leader owned a Rolls-Royce ?	WHO
Where can I find a case on Individuals with Disabilities Education Act of 1991 ?	UNKNOWN
What war did Florence Nightingale tend the troops in ?	WHAT
Who wrote the song , `` Stardust '' ?	WHO
How many Beatles ' records went #1 ?	UNKNOWN
Who is the only prime minister of Canada to serve 22 years but not necessarily consecutively ?	WHO
What is the abbreviation of the company name ` General Motors ' ?	WHAT
What mountains lie between the Arkansas and Missouri rivers ?	UNKNOWN
Who received the Will Rogers Award in 1989 ?	WHO
What is the function of RAM ?	UNKNOWN
What 's the closest G2 Spectrum Yellow Dwarf to Earth ?	UNKNOWN
How many equal angles are there in an isosceles triangle ?	UNKNOWN
What is the fear of cockroaches called ?	WHAT
What CBS soap opera was interrupted by the bulletin of John F. Kennedy 's assassination ?	WHAT
What is the use of a 24-hour clock instead of a 12-hour clock ?	UNKNOWN
What was the name of the lawyer who represented Randy Craft ?	WHO
What United States President had dreamed that he was assassinated ?	WHO
What film did Lee Marvin win the 1965 best actor Oscar for ?	WHAT
Where is Basque country located ?	UNKNOWN
What product does `` Mrs. Olsen '' promote ?	WHAT
What time of day did Emperor Hirohito die ?	WHEN
What is dry ice ?	UNKNOWN
What 's the most powerful card in Euchre ?	WHAT
What does `` intractable plantar keratoma '' mean ?	UNKNOWN
How many years did it take James Joyce to write Ulysses ?	UNKNOWN
What crop failure caused the Irish Famine ?	WHAT
What South Korean city is served by Kimpo International Airport ?	UNKNOWN
How many types of dogs ' tails are there - three	UNKNOWN
What is the longest-running television series ?	WHAT
What predators exist on Antarctica ?	WHAT
What is the difference between a generator and an alternator ?	UNKNOWN
How is energy created ?	UNKNOWN
What beer advertised that it had `` three rings '' ?	WHAT
What is the quantity of American soldiers still unaccounted for from the Vietnam war ?	UNKNOWN
What golfing accessory was patented by George Grant on December 12	WHAT
What are the different types of plastic ?	WHAT
How is it correct to say ` qigong ' ?	UNKNOWN
What was the highest mountain on earth before Mount Everest was discovered ?	UNKNOWN
Where was the Ligurian Republic , 1797-185 , ?	UNKNOWN
What country 's people are the top television watchers ?	UNKNOWN
When was the women 's suffrage amendment ratified ?	WHEN
What Polynesian people inhabit New Zealand ?	WHO
What movie tour of the Roman empire features the admonition : `` Row well and live '' ?	WHAT
What Nevada center has been dubbed The Biggest Little City in the World ?	UNKNOWN
What President lived at 219 North Delaware Street , Independence , Missouri ?	WHO
Give a reason for American Indians oftentimes dropping out of school .	UNKNOWN
Where must a soccer goalie stand to be permitted to handle the ball ?	UNKNOWN
What is the difference between classical conditioning and operant conditioning ?	UNKNOWN
In what U.S. state was the first woman governor elected ?	UNKNOWN
What are some interesting facts and information about dogsledding ?	UNKNOWN
What year did Hitler die ?	WHEN
What famous model was married to Billy Joel ?	WHO
What kind of animal is Babar ?	WHAT
What is Jane Goodall known for ?	UNKNOWN
What killed Bob Marley ?	WHAT
How much money are Dumbo 's ears insured for ?	UNKNOWN
Who danced into stardom with Fred Astaire in 1941 's You 'll Never Get Rich ?	WHO
Who is Stein Eriksen ?	WHO
What does the name Billie mean ?	UNKNOWN
Who is the fastest swimmer in the world ?	WHO
What is the highest peak in Africa ?	UNKNOWN
Where is Procter & Gamble headquartered in the U.S. ?	UNKNOWN
What desert has been called The Garden of Allah ?	UNKNOWN
What do bicornate animals have two of ?	WHAT
What function does a community 's water tower serve ?	UNKNOWN
What is a fear of weakness ?	WHAT
How many miles is it to Ohio from North Carolina ?	UNKNOWN
How much snow equals an inch of rain ?	UNKNOWN
What does G.M.T. stand for ?	WHAT
What does Inuit and Eskimo mean ?	UNKNOWN
What song served as the closing theme of The Johnny Cash Show ?	WHAT
What field sport did dentist William Beers promote and write a standard book of rules for ?	WHAT
How do I tie dye clothes ?	UNKNOWN
When does the average teenager first have intercourse ?	WHEN
Why doesn 't www.answers.com have any answers to my questions ?	UNKNOWN
What actor 's autobiography is titled All My Yesterdays ?	WHO
What Russian master spy lived in the U.S. under the name Emil Goldfus ?	WHO
Where 's the 19th hole on a golf course ?	UNKNOWN
What 's nature 's purpose for tornadoes ?	UNKNOWN
Who played the original Charlie 's Angels ?	WHO
Where can I find a person 's address from a telephone number ?	UNKNOWN
What English word comes from the Old French covrefeu , meaning cover fire ?	WHAT
What musical instrument did Prewitt play in James Jones 's From Here to Eternity ?	WHAT
Where did Sarge Steel get his metal hand ?	UNKNOWN
What makes popcorn pop ?	UNKNOWN
Who wrote The Night of the Iguana ?	WHO
Where does your hair grow the fastest ?	WHAT
What country did King Gustav V reign over from 197 to 195 ?	UNKNOWN
Who painted Mother and Child ?	WHO
What is the speed of the Mississippi River ?	UNKNOWN
In what area of the world was the Six Day War fought ?	UNKNOWN
What is the brightest star visible from Earth ?	UNKNOWN
What film marked Robert Redford 's directorial debut ?	WHAT
What was Mao 's second name ?	WHO
What film or films has Jude Law appeared in ?	WHAT
Where do hyenas live ?	UNKNOWN
Who is the `` Queen Mother '' ?	WHO
What 's the most commonly-spoken language in Belgium ?	WHAT
Who has more DNA - a man or a woman ?	WHO
What are Maid-Rites ?	UNKNOWN
What children 's tale contains the line : `` Come , Cinderslut , and hold this skein of wool for me '' ?	WHAT
What level of government or governmental agency is responsible for dealing with racism ?	WHO
How many referees work a soccer game ?	UNKNOWN
What cocktail do you concoct with whisky and sweet vermouth ?	WHAT
How do you say `` fresh '' in Spanish ?	WHAT
What do bee hives do in cranberry bogs ?	UNKNOWN
What caused the Lynmouth floods ?	UNKNOWN
When is the Tulip Festival in Michigan ?	WHEN
Who came up with the name , El Nino ?	WHO
What movie did Madilyn Kahn star in with Gene Wilder ?	WHAT
What type of bridge is the Golden Gate Bridge ?	WHAT
What dictator has the nickname `` El Maximo '' ?	WHO
What stereo manufacturer is `` Slightly ahead of its time '' ?	WHO
What U.S. city is The Queen of the Pacific ?	UNKNOWN
What TV sitcom character had the maiden name Ethel Potter ?	WHO
What was the first Lifesaver flavor ?	WHAT
Who kept the most famous diary in the English language ?	WHO
Where can I find out the top 1 singles ?	UNKNOWN
How many degrees cooler is the inside of a cucumber than the air outside ?	UNKNOWN
What Spanish artist painted Crucifixion ?	WHO
What is the Jewish bible called ?	WHAT
Why is the grass green ?	UNKNOWN
What is a firewall ?	UNKNOWN
What spy novelist served as Moscow correspondent for Reuter and The Times of London ?	WHO
Which oil company almost picked a word that meant `` stalled car '' in Japanese as its new international name ?	WHO
How long does it take for Spider-Man 's web to evaporate ?	UNKNOWN
Who was Randy Steven Craft 's lawyer ?	WHO
What was known as the Spice Island ?	UNKNOWN
Who was the first host of Person to Person ?	WHO
Name the Ranger who was always after Yogi Bear .	WHO
What deck of cards includes the Wheel of Fortune , the Lovers , and Death ?	WHAT
What does the Statue of Liberty wear on her feet ?	WHAT
Who is the superstar in rent-a-cars ?	WHO
McCarren Airport is located in what city ?	UNKNOWN
What household facility contains a float ball , ballcock , and overflow tube ?	WHAT
What was the name of Betty Boop 's dog ?	WHAT
What fraction of a beaver 's life is spent swimming ?	UNKNOWN
What was the Bridge of San Luis Rey made of ?	WHAT
What do economists do ?	UNKNOWN
What country has the largest sheep population ?	UNKNOWN
What do I need to do to take my dog with me to live in Dominica , West Indies for a year ?	UNKNOWN
What country is the world 's largest importer of cognac ?	UNKNOWN
How many years is Johnnie Walker Black Label aged ?	UNKNOWN
What does SIDS stand for ?	WHAT
What is Grenada 's main commodity export ?	WHAT
How much would a black-and-white 1-cent stamp be worth , Thomas Jefferson on it , ?	UNKNOWN
What makes a clitoris sensitive ?	UNKNOWN
What country has the most time zones , with 11 ?	UNKNOWN
What `` magic '' does Mandrake employ ?	WHAT
Who is the president of Stanford University ?	WHO
Whose first presidential order was : `` Let 's get this goddamn thing airborne '' ?	WHO
What was introduced commercially by Bayer A.G. of Leverkusen , in 1899 ?	WHAT
What city is Logan Airport in ?	UNKNOWN
What is a nanometer ?	UNKNOWN
How many innings are there in a regulation softball game ?	UNKNOWN
When did CNN go on the air ?	WHEN
What is the largest city on the Great Lakes ?	UNKNOWN
What is the telephone number for the University of Kentucky ?	UNKNOWN
Who invented baseball ?	WHO
How many wives did Brigham Young have ?	UNKNOWN
What product on the market is good for hiding facial scars ?	WHAT
How long is the Coney Island boardwalk ?	UNKNOWN
What city gained renown for its pea-soup fogs ?	UNKNOWN
What does `` Janelle '' mean ?	UNKNOWN
How do I get another city 's newspaper ?	UNKNOWN
Name a movie about the Sioux Indians starring Kevin Costner .	WHAT
Who was shot in the back during a Poker game in Deadwood , the Dakota territory ?	WHO
What are the distinct physical characterstics of the Arabian horse ?	UNKNOWN
What is a fear of thunder ?	WHAT
What animal has killed the most people ?	WHAT
How many colleges are in Wyoming ?	UNKNOWN
What Russian seaport has a name meaning `` Lord of the East '' ?	UNKNOWN
Where can stocks be traded on-line ?	UNKNOWN
When was the Battle of Hastings ?	WHEN
What kind of file has the extension .dbf ?	WHAT
When did Muhammad live ?	WHEN
What then-derogatory term was applied to the painters Monet , Sisley , Pissarro , Renoir and Degas ?	WHAT
What is a wop ?	UNKNOWN
Where do rocks come from ?	UNKNOWN
How do I stop background noise in a car stereo ?	UNKNOWN
Where do people mountain climb in Nepal ?	UNKNOWN
What is the best college in the country ?	WHO
What is viscosity ?	UNKNOWN
What was the name of the sitcom that Alyssa Milano starred in with Tony Danza ?	WHAT
What are the Nordic nations ?	UNKNOWN
Where on the Internet can I get information about the Fifth Amendment on the American Bill of Rights ?	UNKNOWN
What U.S. state borders Illinois to the north ?	UNKNOWN
Name a film in which Jude Law acted .	WHAT
What is the temperature for baking Peachy Oat Muffins ?	UNKNOWN
What is a fear of bees ?	WHAT
What Vladimir Nabokov novel features Professor Humbert in love with a 12-year-old girl ?	WHAT
What is a green bog ?	UNKNOWN
Where did the myth of Santa Claus originate ?	UNKNOWN
What does a chairbound basophobic fear ?	WHAT
What city is served by Logan International Airport ?	UNKNOWN
What wrestling star became `` The Incredible Hulk '' ?	WHO
What attracts tourists to Reims ?	UNKNOWN
What game do Steve McQueen and Edward G. Robinson play in The Cincinnati Kid ?	WHAT
What fastener did Whitcomb Judson patent in 1893 ?	WHAT
What 's an auberge in France ?	UNKNOWN
Who was the star of the 1965 Broadway hit Golden Boy ?	WHO
Where is Procter & Gamble based in the U.S. ?	UNKNOWN
What army was founded by William Booth and his wife Catherine ?	WHO
What does ribavirin consist of ?	WHAT
Name the soft drink that is `` number one in the sun . ''	WHAT
What is the web address of the list of e-mail addresses of members of the House of Representatives ?	UNKNOWN
What was her real name ?	WHO
Why are the ears your center of balance ?	UNKNOWN
Who invented the toothbrush ?	WHO
What was the name of that popular song the Creeps sang ?	WHAT
Where is the Abominable Snowman said to wander ?	UNKNOWN
What is a fear of being alone ?	WHAT
How many dots make up the symbol for `` because '' ?	UNKNOWN
What do you get by adding Lactobacillus bulgaricus to milk ?	WHAT
When reading classified ads , what does EENTY : other stand for ?	WHAT
How many hearts does an octopus have ?	UNKNOWN
What plant has the largest seed ?	WHAT
What was the only country you were allowed to drive into Israel from in 1979 ?	UNKNOWN
What 's approaching when a cyclist shouts : `` Oil '' ?	WHAT
What baseball star turned down a $1 , 000-a-year contract because he felt he had n't earned it ?	WHO
What kind of sport is often associated with hooligans ?	WHAT
What video game hero do some of his fans call Chomper ?	WHO
How many holes are there in a tenpin bowling ball ?	UNKNOWN
What is the longest word in the English language ?	WHAT
In What city or state do the most gay men live in ?	UNKNOWN
What TV comediennes 's characters include former movie star Nora Desmond , secretary Mrs. Wiggins and a housewife named Eunice ?	WHO
What is `` the bear of beers '' ?	WHAT
Name the operating system that runs on IBM-compatible machines .	WHAT
What does the name `` Justin '' mean ?	UNKNOWN
What percentage of the body is muscle ?	UNKNOWN
What color of dry wine should be served with veal roasts and chops ?	WHAT
What is a golf ball made of ?	WHAT
What is the Amish religion ?	UNKNOWN
What does an average daycare provider get paid in New England ?	UNKNOWN
What was the name of the 187s Irish terrorist group in Pennsylvania mining areas ?	WHO
Who played the Ringo Kid in the 1939 film Stagecoach ?	WHO
Who died 1 feet from where John F. Kennedy did ?	WHO
What is the `` coppertop '' battery ?	UNKNOWN
What sign is The Water Carrier the zodiacal symbol for ?	WHAT
What animals do you find in the stock market ?	WHAT
What is color ?	UNKNOWN
When is the site www.questions.com going to open ?	WHEN
What did Shostakovich write for Rostropovich ?	WHAT
What first name was Nipsy Russell given at birth ?	WHO
How can I get some free technical information on Electric Vehicle ?	UNKNOWN
Who is the youngest of the Beatles ?	WHO
How did shipyard inspector James J. Kilroy designate equipment as being satisfactory ?	UNKNOWN
What is a Jellicle Cat ?	UNKNOWN
Where can I find the best free evidence for debate about Russia ?	UNKNOWN
What is Bill Gates of Microsoft E-mail address ?	UNKNOWN
What is the second hardest substance ?	WHAT
Why did several San Diego schools stop serving apples to students ?	UNKNOWN
What Russian city boasts the Hermitage Museum ?	UNKNOWN
When is Bastille Day ?	WHEN
What makes a tornado turn ?	UNKNOWN
How many shots can a stock M16 hold ?	UNKNOWN
What two colors are you blind to if you suffer from protanopia ?	WHAT
Why do n't you guys have some sort of contest where you ask a question and whoever finds the answers wins a prize ?	UNKNOWN
Who is Coronado ?	WHO
What was the name of the movie that starred Sharon Stone and Arnold Schwarzenegger ?	WHAT
What is artificial intelligence ?	UNKNOWN
What do flatfish eat ?	WHAT
Who was the first Holy Roman Emperor ?	WHO
What can I use to remove the stubborn gummed labels from some diskettes ?	WHAT
What day of the week sees the most fatal car accidents ?	WHEN
What is the origin of the word , magic ?	UNKNOWN
What sport do you shag flies in ?	WHAT
What is white chocolate ?	UNKNOWN
Where is Trinidad ?	UNKNOWN
Name the organization that is presided by a Security Council .	WHO
Who graced the airwaves with such pearls as `` Do ya lo-o-ove me ? Get naked , baby ! '' ?	WHO
What kind of wine is Spumante ?	WHAT
Who portrayed portly criminologist Carl Hyatt on Checkmate ?	WHO
How do you say I love you in Spanish ?	WHAT
What does the name Gina mean ?	UNKNOWN
What is the most advanced handheld calculator in the world ?	WHAT
How fast is light ?	UNKNOWN
What is the belt of low pressure around the equator called ?	WHAT
What are shooting stars ?	UNKNOWN
Whom did the Chicago Bulls beat in the 1993 championship ?	WHO
When was the first American encyclopedia published ?	WHEN
What 's the tallest building in New York City ?	UNKNOWN
How is Easter Sunday 's date determined ?	UNKNOWN
What is the Motto for the State of Maryland ?	UNKNOWN
Who is Desmond Tutu ?	WHO
Where can I find information on the Narragansett Indians and other tribes in Rhode Island ?	UNKNOWN
Name a tiger that is extinct .	WHAT
How many quarters equal a pound ?	UNKNOWN
What kind of books does Fodor 's publish ?	WHAT
What are the first names of Rowan and Martin , the stars of TV 's Laugh-In ?	WHO
What chapter of the Bible has the most verses ?	UNKNOWN
Who is the worst US President ever ?	WHO
What Asian leader was known as The Little Brown Saint ?	WHO
What is the abbreviated expression for the National Bureau of Investigation ?	WHAT
How fast does the fastest car go ?	UNKNOWN
What is the highest mountain in the world ?	UNKNOWN
What arch can you see from the Place de la Concorde ?	UNKNOWN
Who sings the song `` Drink to me with thine eyes '' by Ben Johnson ?	WHO
How long should a person wash their hands before they are clean ?	UNKNOWN
Which way do you turn your Bic to increase the flame - clockwise or counterclockwise ?	UNKNOWN
Which is the wealthiest country in the world ?	UNKNOWN
How can I find a phone number of someone if I only know their email address ?	UNKNOWN
How can you contact play producers and promoters on-line ?	UNKNOWN
Who is the monarch of the United Kingdom ?	WHO
What is a fear of passing high objects ?	WHAT
What do players try to do when the music stops in a game of musical chairs ?	UNKNOWN
What are the top ten most common girl names in the US ?	WHO
Why is black the color of mourning in the West ?	UNKNOWN
What is the rarest coin ?	WHAT
What Judith Rossner novel was made into a film starring Diane Keaton ?	WHAT
Which country is Australia 's largest export market ?	UNKNOWN
Where is the Kentucky Horse Park located ?	UNKNOWN
What is a fear of parasites ?	WHAT
In what Olympic Games did Nadia Comaneci become popular ?	WHAT
Who does data collection in tourism ?	WHO
What was the name of the daughter of the Virginia chief Powhatan that married John Rolfe ?	WHO
What is the leading pecan and peanut growing state ?	UNKNOWN
What does a nihilist believe in ?	UNKNOWN
What did Richard Feynman say upon hearing he would receive the Nobel Prize in Physics ?	UNKNOWN
In what sport are these following numbers relevant : 118 , 126 , 134 , 142 , 15 , 158 , 167 , 177 , and 19 ?	WHAT
Who were the four famous founders of United Artists ?	WHO
What 2 statues did France give to other countries ?	WHAT
What are amphibians ?	UNKNOWN
How many sperm cells are in an average ejaculation ?	UNKNOWN
Name the disposable razor that `` costs about 19 cents . ''	WHAT
How far do you have to run if you hit a home run ?	UNKNOWN
Who was the only U.S. President to wear a Nazi uniform ?	WHO
Woodrow Wilson served as president of what university ?	WHO
Where are the tropical rain forest distributions ?	UNKNOWN
What 's the nickname of oddsmaker Jimmy Snyder ?	WHO
What is the fear of being loved ?	WHAT
What was the number of people that Randy Steven Craft was convicted of killing ?	UNKNOWN
What was Queen Victoria 's title regarding India ?	WHO
How is a hydrogen bomb different from a nuclear bomb ?	UNKNOWN
How far can a man travel in outer space ?	UNKNOWN
Where was Lincoln assassinated ?	UNKNOWN
What type of food makes you fat ?	WHAT
What is the name of the chronic neurological autoimmune disease which attacks the protein sheath that surrounds nerve cells causing a gradual loss of movement in the body ?	WHAT
What was the U.S. highway death toll in 1969 ?	UNKNOWN
What kind of animals are Dorsets , Lincolns , Oxfords and Southdowns ?	WHAT
What are the shortest and the longest songs ever produced ?	WHAT
What letter is to the right of K on a typewriter keyboard ?	WHAT
What is the origin and the meaning of the name , `` Hajo ? ''	UNKNOWN
What is the plural of gulf ?	WHAT
Whose autobiography is titled Yes I Can ?	WHO
What year did the United States pass the Copyright law ?	WHEN
What percentage of Americans own their homes ?	UNKNOWN
What 's the first day of the week ?	WHEN
What city was President William McKinley shot in ?	UNKNOWN
What city has the world 's longest subway system ?	UNKNOWN
Who claimed he killed 4 , 280 buffalo as food for the crew building the Kansas Pacific Railway ?	WHO
What is Bombay duck ?	UNKNOWN
How many degrees cooler is the inside of a cucumber than the air outside ?	UNKNOWN
What double talking `` professor '' holds a doctorate in Nothing ?	WHO
What are the five most expensive cities in the world ?	UNKNOWN
What 19th-century writer had a country estate on the Hudson dubbed Sunnyside ?	WHO
How many layers of yellow paint is a Faber Mongol pencil lucky enough to be sprayed with ?	UNKNOWN
What is a virtual IP address ?	UNKNOWN
What was the name of the cook on Rawhide ?	WHO
What county is Chicago in ?	UNKNOWN
What is the wingspan of a condor ?	UNKNOWN
What facial feature typically contains about 55 hairs ?	UNKNOWN
Who was named Admiral of the Ocean Seas and Viceroy and Governor General of all the islands he might discover , and also granted 10-?? of all profits of his voyage .	WHO
How can I transport files from one computer to another ?	UNKNOWN
What 's the literary term for a play on words ?	WHAT
What color were their horses ?	WHAT
What does an average daycare provider get paid in New England ?	UNKNOWN
What author landed a 468-pound marlin without harness in the early 193 's ?	WHO
How many Americans fought for the British in the American Revolution ?	UNKNOWN
What kind of education do I need to become a flight attendant ?	WHAT
What are the two languages of Malta ?	WHAT
How many oceans are there and name them ?	UNKNOWN
What happened during the Blackhawk Indian war of 1832 ?	UNKNOWN
How many pairs of legs does a lobster have ?	UNKNOWN
What does the Latin ante mortem mean ?	UNKNOWN
What does the name Shawn mean ?	UNKNOWN
Where is the Danube ?	UNKNOWN
What lawyer won the largest divorce settlement , $85 million , in U.S. history for Sheika Dena Al-Farri ?	WHO
What do you call a group of geese ?	WHAT
Who delivered his last newscast on March 6 , 1981 ?	WHO
How many times has `` Louie , Louie '' been recorded ?	UNKNOWN
How is Answers.com different from KnowPost.com ?	UNKNOWN
What is the longest place name in the U.S. ?	UNKNOWN
What percent liked Thatcher after she had been in power for a decade ?	UNKNOWN
Where does Buzz Aldrin want to build a permanent , manned space station ?	UNKNOWN
What was Mel Gibson 's first movie ?	WHAT
Why was the L.A. office of Shea and Gould closed ?	UNKNOWN
How do I start a bank ?	UNKNOWN
How do Ouija Boards work ?	UNKNOWN
What horse did Zorro ride ?	WHAT
How do you get a broken cork out of a bottle ?	UNKNOWN
Where can I find correct tabs for Third Eye Blind songs ?	UNKNOWN
How do you determine heating requirements for your home ?	UNKNOWN
What former major-league left-handed baseball pitcher was known as `` Space Man '' ?	WHO
Which hair care product told us `` hate that gray , wash it away '' ?	WHAT
Why did the chicken cross the road ?	UNKNOWN
What was Michelangelo 's last name ?	WHO
Who is Barbara Jordan ?	WHO
Who was the Democratic nominee in the American presidential election ?	WHO
What was Connecticut 's first constitution called ?	WHAT
What historical event happened in Dogtown in 1899 ?	WHAT
What is being done about the millennium bug ?	UNKNOWN
What was the claim to fame of King Camp Gillette ?	UNKNOWN
What is the most common kind of skin cancer in the U.S. ?	WHAT
What is Olestra ?	UNKNOWN
What Asian country has a bill of rights for cows ?	UNKNOWN
How many fingers are used to draw a bow ?	UNKNOWN
What are two plants that clothes are made from ?	WHAT
When was Hurricane Hugo ?	WHEN
What is the most heavily caffeinated soft drink ?	WHAT
What President-to-be was the first member of Congress to enlist following the attack on Pearl Harbor ?	WHO
What was the price of Varian Associates ' vacuum products division ?	UNKNOWN
When was `` the Great Depression '' ?	WHEN
What language is mostly spoken in Brazil ?	WHAT
What college produced the most winning Super Bowl quarterbacks ?	WHO
How do you solve `` Rubik 's Cube '' ?	UNKNOWN
What is prepared mustard ?	UNKNOWN
What classical Spanish writer warned : `` All that glitters is not gold '' ?	WHO
What does `` antidisestablishmentarianism '' mean ?	UNKNOWN
What actor married John F. Kennedy 's sister ?	WHO
What does a topophobic actor suffer from ?	WHAT
Who fired Maria Ybarra from her position in San Diego council ?	WHO
The italian artist , Maurizio Pellegrin , is how old ?	UNKNOWN
What type of hunting are retrievers used for ?	WHAT
What is Colin Powell best known for ?	UNKNOWN
Who was the first black golfer to tee off in the Masters ?	WHO
What city is the setting for Puccini 's opera La Boheme ?	UNKNOWN
What U.S. President showed a fondness for munching on bee pollen bars ?	WHO
What is measured in curies ?	UNKNOWN
Whose cover is that of an employee of Universal Import and Export ?	WHO
What former president 's daughter has written a book titled Murder in the White House ?	WHO
What fictional character is known as the `` melancholy Dane '' ?	WHO
Italy is the largest producer of what ?	WHAT
What longtime game show host dropped dead while jogging in Central Park in 1984 ?	WHO
What is the meaning of W.B. Yeat 's poem , `` The Three Hermits ? ''	UNKNOWN
Who were the `` filthiest people alive ? ''	WHO
What infectious disease is the world 's deadliest ?	WHAT
What is Spumante ?	UNKNOWN
In what year did Ireland elect its first woman president ?	WHEN
What is an isthmus ?	UNKNOWN
What was the name of the orca that died of a fungal infection ?	WHAT
Where is Mozambique located ?	UNKNOWN
What is Mississippi 's state animal ?	WHAT
What 's the origin of the word ` news ' ?	UNKNOWN
What did Dan Aykroyd and John Belushi quit Saturday Night Live to become ?	WHAT
How many months does a normal human pregnancy last ?	UNKNOWN
How do fuel injectors work ?	UNKNOWN
How can your school march in the Macy 's Thanksgiving Parade ?	UNKNOWN
What is the real name of disc jockey `` Wolfman Jack '' ?	WHO
What Italian liner was hijacked in 1985 ?	WHAT
What city houses the U.S. headquarters of Procter and Gamble ?	UNKNOWN
What soap was touted as being `` for people who like people '' ?	WHAT
How much was the minimum wage in 1991 ?	UNKNOWN
What does NAFTA stand for ?	WHAT
Who invented silly putty ?	WHO
What new middle school was built in Philadelphia , Pennsylvania last year ?	WHO
Who patented the first phonograph ?	WHO
What are some tips for building a fire in a fireplace ?	WHAT
What do manatees eat ?	WHAT
How do you say 2 in Latin ?	WHAT
What were popular songs and types of songs in the 1920s ?	WHAT
How many Vietnamese were there in the Soviet Union ?	UNKNOWN
What is November 's birthstone ?	WHAT
What is a Certified Nurse Midwife ?	UNKNOWN
On average , how many miles are there to the moon ?	UNKNOWN
Who created private detective Philip Marlowe ?	WHO
What Boris Pasternak book sold 5 , 0 copies to become the fiction best-seller of 1958 ?	WHAT
What is the origin of the expression `` tout de suite '' ?	UNKNOWN
What is the longest English word ?	WHAT
What is the purpose of a car bra ?	UNKNOWN
What is D.B. Cooper known for ?	UNKNOWN
Who is Colin Powell ?	WHO
What species is a colt ?	WHAT
What is the full name of the PLO ?	WHAT
What is the smallest country in Africa ?	UNKNOWN
Who coined the term NN cyberspace `` in his novel NN Neuromancer '' ?	WHO
What age followed the Bronze Age ?	WHAT
What is her profession ?	WHO
What is the full name of the man who invented the multicolored game cube that has 42.3 quintillion potential combinations ?	WHO
What does the word LASER mean ?	WHAT
What does the name `` Anthony '' mean ?	UNKNOWN
Who was Lauren Bacall 's first husband ?	WHO
What is a rhomboideus minor ?	UNKNOWN
How many hands does Bjorn Borg use when hitting his forehand ?	UNKNOWN
How many people died on D-Day ?	UNKNOWN
What U.S. Congressman said : `` Keep the faith , baby '' .	WHO
Who created the character of Scrooge ?	WHO
What is the student population at the University of Massachusetts in Amherst ?	UNKNOWN
Where is Windsor Castle ?	UNKNOWN
When did the Dow first reach ?	WHEN
Why were people recruited for the Vietnam War ?	UNKNOWN
What party was Winston Churchill a member of ?	WHO
What American League baseball team 's worst finish between 1926 and 1964 was fourth ?	WHO
Where can I find the names of all the 15 Pokemon ?	UNKNOWN
What state does Martha Stewart live in ?	UNKNOWN
Which killer whale died at Sea World of a fungal infection ?	WHAT
What are the Benelux countries ?	UNKNOWN
Where 's the Petrified Forest ?	UNKNOWN
What is a language spoken by the Sioux ?	WHAT
Where is Tornado Alley ?	UNKNOWN
Who was the author of `` John Brown 's Body '' ?	WHO
What American poet wrote : `` Good fences make good neighbors '' ?	WHO
What state in the U.S. has the most blacks ?	UNKNOWN
Why are electric cars less efficient in the northeast than in California ?	UNKNOWN
What was the occupation of Mandy Rice-Davies ?	WHO
What is the city in which Maurizio Pellegrin lives called ?	UNKNOWN
Who painted the Sistine Chapel ?	WHO
Name the various costumed personas of Dr. Henry Pym .	WHO
What breed of dog was the `` Little Rascals '' dog ?	WHAT
What are the living conditions in Cuba ?	UNKNOWN
What color are school buses ?	WHAT
What is the oldest website on the Internet ?	UNKNOWN
What events happened January 26 , 1978 ?	WHAT
What explorers followed Columbus to the Americas ?	WHO
Who is actress Goldie Hawn 's current actor boyfriend ?	WHO
Who banned Peter Rose from baseball for betting on games ?	WHO
What are the seven virtues ?	UNKNOWN
What other name were the `` Little Rascals '' known as ?	WHAT
When was the San Francisco fire ?	WHEN
What is a fear of food ?	WHAT
How many casinos are in Atlantic City , NJ ?	UNKNOWN
What year did the Vietnam War end ?	WHEN
What are the names of Richard Nixon 's two daughters ?	WHO
What 's the word for broken glass or sharp rocks embedded in cement on top of a wall ?	WHAT
What is the chromosome number of an elephant ?	UNKNOWN
What organization was founded by the Rev. Jerry Falwell ?	WHO
What 's the longest river in the world ?	UNKNOWN
Which soft drink does Madonna advertise for ?	WHAT
What company is being bought by Yahoo and how much is the deal worth ?	WHO
When was Berlin 's Brandenburg gate erected ?	WHEN
How many double-word-score spaces are there on a Scrabble Crossword Game board ?	UNKNOWN
What year did Germany sign its nonaggression pact with the Soviet Union ?	WHEN
What mountain range is traversed by the highest railroad in the world ?	UNKNOWN
Why were the American soldiers in WWI called `` Doughboys ''	UNKNOWN
Who was nicknamed The Little Corporal ?	WHO
How many CDs has Garth Brooks sold ?	UNKNOWN
Name the vessel used by the Atari Force in the DC comics .	WHAT
Where are the leading medical groups specializing in lung diseases ?	UNKNOWN
How can I find online spelling , and punctuation drills for my 6th grader ?	UNKNOWN
What 's the sacred river of India ?	UNKNOWN
What is Stefan Edberg 's native country ?	UNKNOWN
What is the only gland in humans that can regenerate itself ?	WHAT
How many Gutenberg Bibles are there ?	UNKNOWN
Name the largest country in South America .	UNKNOWN
What astronomical phenomenon takes place in Jan. 1999 ?	WHAT
What information can you get me on Fairground Park in St. Louis	UNKNOWN
What was American folk hero John Chapman 's nickname ?	WHO
What is the difference between a median and a mean ?	UNKNOWN
What was the top box office movie in April 1998 ?	WHAT
What makes thunder ?	UNKNOWN
What author did photographer Yousuf Karsh call `` the shiest man I ever met '' ?	WHO
Which is the largest clock , diameter wise , in Europe ?	WHAT
What plant is rum made from ?	WHAT
What country are Godiva chocolates from ?	UNKNOWN
Name the poet of the poem which begins : I do not know much about gods ; but I think that the river Is a strong brown god-sullen , and untamed ?	WHO
Which condiment was once sold as a patent medicine ?	WHAT
What U.S. state records the least rainfall ?	UNKNOWN
Why did the world enter a global depression in 1929 ?	UNKNOWN
What was archy , and mehitabel ?	UNKNOWN
What Texas city got its name from the Spanish for `` yellow '' ?	UNKNOWN
What are the chemicals used in glowsticks ?	WHAT
What country did the Nile River originate in ?	UNKNOWN
What color are tennis balls ?	WHAT
What barroom judge called himself The Law West of the Pecos ?	WHO
What excuse did the NATO people give for hitting the Chinese embassy ?	UNKNOWN
Who was President of Costa Rica in 1994 ?	WHO
What sports event is Meyer Wolfsheim supposed to have fixed in The Great Gatsby ?	WHAT
What country has the best defensive position in the board game Diplomacy ?	UNKNOWN
What two countries share the Khyber Pass ?	UNKNOWN
Who was chairman of the Senate select committee that tried to get to the bottom of Watergate ?	WHO
What is the origin of the surname of Braun ?	UNKNOWN
What card game has variations called Canfield , Klondike and Spider ?	WHAT
What is Australia Day ?	UNKNOWN
What mammal of North America is the world 's longest-lived for its size ?	WHAT
What was the Chivington Massacre ?	UNKNOWN
What actor starred in 1980 's Blue Lagoon , 1982 's The Pirate Movie and 1983 's A Night in Heaven ?	WHO
How many home runs did Lou Gehrig have during his career ?	UNKNOWN
In what city is the headquarters of Sinn Fein ?	UNKNOWN
Where can I find information on George Bush ?	UNKNOWN
Who is the voice of Miss Piggy ?	WHO
What is the dialogue circle in cartoons called ?	WHAT
What does the word camaro mean , from the GM car the Camaro ?	UNKNOWN
Who replaced Bert Parks as the host of The Miss America Pageant ?	WHO
How many boys play the game in Winslow Homer 's 1872 painting Snap the Whip ?	UNKNOWN
What is the AIM-54C Phoenix ?	UNKNOWN
When are sheep shorn ?	WHEN
What sport is Chris Jogis a top player of ?	WHAT
What 's the second-largest island in the world ?	UNKNOWN
What is the definition of low island ?	UNKNOWN
What century does Captain Video live in ?	WHEN
What types of water pollution are there ?	WHAT
How many astronauts manned each Project Mercury flight ?	UNKNOWN
What soft drink would provide me with the biggest intake of caffeine ?	WHAT
What 's the name of a golf course in Myrtle Beach ?	WHAT
What are some of the significant historical events of the 1990s ?	WHAT
Name the only extant trilogy of classical Greek plays .	WHAT
Where is Logan Airport ?	UNKNOWN
What is the difference between Neoclassical art and Romanticism art ?	UNKNOWN
Who was the first person inducted into the U.S. Swimming Hall of Fame ?	WHO
What golfer has been called Ohio Fats and Blobbo ?	WHO
Who murdered Leno and Rosemary LaBianca on August 1	WHO
What is the average cost for four years of medical school ?	UNKNOWN
What does God create in the first sentence of the Bible ?	WHAT
Which of the following men was not married to Rita Hayworth ?	WHO
What is the current ticket fare from from Cairo to Barbados ?	UNKNOWN
What does NN O `` mean when used as a prefix in Irish surnames ?	WHAT
How do you find oxidation numbers ?	UNKNOWN
What is the state nickname of Mississippi ?	UNKNOWN
What is Black Hills , South Dakota most famous for ?	UNKNOWN
What 1966 boob tube bomb took astronauts back to prehistoric times ?	WHAT
How many students attend the University of Massachusetts ?	UNKNOWN
Who said , `` I shall return . '' during World War Two ?	WHO
What holidays are celebrated in Ireland ?	WHAT
Who portrayed Etta Place , companion to Butch Cassidey and the Sundance Kid ?	WHO
What are the Greek numerals ?	UNKNOWN
What 's the name of the temple that is located near the capital city of Laos ?	UNKNOWN
What is a fear of sleep ?	WHAT
What auto race was Wilbur Reed the first to win three times ?	WHAT
What are the most common breeding birds in the U.S. ?	WHAT
What was organized as a Confederate veterans ' social club in Pulaski , in Tennessee , in 1866 ?	WHAT
How do you look up criminal records on the Internet ?	UNKNOWN
Where is the actress , Marion Davies , buried ?	UNKNOWN
What is an example of an actual case of using the Fourteenth Amendment ?	UNKNOWN
Who was the Charlie perfume woman ?	WHO
Who portrayed `` Rosanne Rosanna-Dana '' on the television show `` Saturday Night Live '' ?	WHO
What was the name of the first Russian astronaut to do a spacewalk?	WHAT
Where is Belize located?	UNKNOWN
How much folic acid should an expectant mother get daily?	UNKNOWN
What type of bridge is the Golden Gate Bridge?	UNKNOWN
What is the population of the Bahamas?	UNKNOWN
How far away is the moon?	UNKNOWN
What is Francis Scott Key best known for?	UNKNOWN
What state has the most Indians?	WHAT
Who invented the paper clip?	WHO
How many dogs pull a sled in the Iditarod?	UNKNOWN
Where did bocci originate?	WHAT
Who invented the electric guitar?	WHO
Name a flying mammal.	WHAT
How many hexagons are on a soccer ball?	UNKNOWN
Who is the leader of India?	WHO
What is the primary language of the Philippines?	WHAT
What is the habitat of the chickadee?	WHAT
Who was Whitcomb Judson?	UNKNOWN
What is the population of Japan?	UNKNOWN
Who is the prime minister of Australia?	WHO
Who killed Martin Luther King?	WHO
Who is Anubis?	UNKNOWN
Where's Montenegro?	UNKNOWN
What does laser stand for?	WHAT
Who is the Greek God of the Sea?	WHO
Where does dew come from?	UNKNOWN
What is platinum?	UNKNOWN
Who is the fastest swimmer in the world?	WHO
When did the vesuvius last erupt?	WHEN
Who was the president of Vichy France?	WHO
Who invented television?	WHO
Who made the first airplane?	WHO
Who made the first airplane that could fly?	WHO
How many astronauts have been on the moon?	UNKNOWN
Who is Coronado?	UNKNOWN
Who is Barbara Jordan?	UNKNOWN
How many years ago did the ship Titanic sink?	WHEN
What is a caldera?	UNKNOWN
What was the name of the famous battle in 1836 between Texas and Mexico?	WHAT
Where did the ukulele originate?	UNKNOWN
Who invented baseball?	WHO
Where can you find the Venus flytrap?	UNKNOWN
What did Vasco da Gama discover?	WHAT
What is the largest snake in the world?	WHAT
Where is the Valley of the Kings?	UNKNOWN
Where did the Maya people live?	UNKNOWN
How many people live in Chile?	UNKNOWN
When was the first flush toilet invented?	WHEN
Who is William Wordsworth?	UNKNOWN
What is California's state bird?	WHAT
Who thought of teaching people to tie their shoe laces?	UNKNOWN
Who is buried in the great pyramid of Giza?	WHO
What do penguins eat?	UNKNOWN
Where do lobsters like to live?	UNKNOWN
What are birds descendents of?	WHAT
What does NAFTA stand for?	WHAT
What company sells the most greeting cards?	WHAT
What is the name of the longest ruling dynasty of Japan?	WHAT
When was Babe Ruth born?	WHEN
Who wrote the Farmer's Almanac?	WHO
What's the farthest planet from the sun?	WHAT
Where was Pythagoras born?	UNKNOWN
What is the name for clouds that produce rain?	WHAT
Who killed Caesar?	WHO
Who was Picasso?	UNKNOWN
Where is the Orinoco?	UNKNOWN
How tall is the giraffe?	UNKNOWN
Where are there aborigines?	UNKNOWN
Who was the first U.S. president ever to resign?	WHO
Who invented the game Scrabble?	WHO
About how many soldiers died in World War II?	UNKNOWN
How much money does the Sultan of Brunei have?	UNKNOWN
How large is Missouri's population?	UNKNOWN
What was the death toll at the eruption of Mount Pinatubo?	UNKNOWN
Who was Lacan?	UNKNOWN
What's the tallest building in New York City?	WHAT
When did Geraldine Ferraro run for vice president?	WHEN
What do ladybugs eat?	UNKNOWN
Where is Ayer's rock?	UNKNOWN
What is the life expectancy of an elephant?	UNKNOWN
When was the first railroad from the east coast to the west coast completed?	WHEN
What is the nickname of Pennsylvania?	WHAT
Who is Desmond Tutu?	UNKNOWN
How fast can a Corvette go?	UNKNOWN
What are John C. Calhoun and Henry Clay known as?	UNKNOWN
When was Hurricane Hugo?	WHEN
When did the Carolingian period begin?	WHEN
How big is Australia?	UNKNOWN
Who found Hawaii?	WHO
Who is the richest person in the world?	WHO
How many films did Ingmar Bergman make?	UNKNOWN
What is the federal minimum wage?	UNKNOWN
What did brontosauruses eat?	WHAT
What is California's state tree?	WHAT
How many types of lemurs are there?	UNKNOWN
What is leukemia?	UNKNOWN
Who was the first coach of the Cleveland Browns?	WHO
How many people die from snakebite poisoning in the U.S. per year?	UNKNOWN
Who is the prophet of the religion of Islam?	WHO
Where is Tornado Alley?	UNKNOWN
What is molybdenum?	UNKNOWN
Where do hyenas live?	UNKNOWN
Who is Peter Weir?	UNKNOWN
How many home runs did Babe Ruth hit in his lifetime?	UNKNOWN
Who was Buffalo Bill?	UNKNOWN
Where is the bridge over the river Kwai?	UNKNOWN
How many Superbowls have the 49ers won?	UNKNOWN
Who was the architect of Central Park?	WHO
Who invented paper?	WHO
Why can't ostriches fly?	UNKNOWN
Name a tiger that is extinct?	WHAT
Where is Guam?	UNKNOWN
Where did Bill Gates go to college?	UNKNOWN
How many continents are there?	UNKNOWN
Where is Romania located?	UNKNOWN
When was the De Beers company founded?	WHEN
Who was the first king of England?	WHO
Who is the richest woman in the world?	WHO
What is California's capital?	UNKNOWN
What is the size of Argentina?	UNKNOWN
What do manatees eat?	WHAT
When was the San Francisco fire?	WHEN
What was the man's name who was killed in a duel with Aaron Burr?	WHAT
What is the population of Mexico?	UNKNOWN
When was the slinky invented?	WHEN
How hot is the core of the earth?	UNKNOWN
How long would it take to get from Earth to Mars?	UNKNOWN
What is the name of the second space shuttle?	WHAT
How old is the sun?	WHEN
What is the wingspan of a condor?	WHEN
When was Microsoft established?	WHEN
What's the average salary of a professional baseball player?	UNKNOWN
Who invented basketball?	WHO
What was the ball game of ancient Mayans called?	WHAT
Who is Zebulon Pike?	UNKNOWN
How wide is the Atlantic Ocean?	UNKNOWN
What effect does a prism have on light?	UNKNOWN
What's the longest river in the world?	WHAT
Who was considered to be the father of psychology?	WHO
What is the population of Kansas?	UNKNOWN
Who is Langston Hughes?	UNKNOWN
Who was Monet?	UNKNOWN
Who built the first pyramid?	UNKNOWN
What is the best-selling book of all time?	WHAT
How many Stradivarius violins were ever made?	UNKNOWN
Who is Charles Lindbergh?	UNKNOWN
Who invented the game bowling?	WHO
The numbering system we use today was introduced to the western world by what culture?	WHAT
What is a nematode?	UNKNOWN
What is the most expensive car in the world?	WHAT
Where does chocolate come from?	UNKNOWN
What state in the United States covers the largest area?	WHAT
What is a meerkat?	UNKNOWN
Where is Melbourne?	UNKNOWN
How much in miles is a ten K run?	UNKNOWN
How hot does the inside of an active volcano get?	UNKNOWN
What is the capital of Burkina Faso?	WHAT
What is the capital of Haiti?	WHAT
How many people lived in Nebraska in the mid 1980s?	UNKNOWN
What is the population of Mozambique?	UNKNOWN
What is Martin Luther King Jr.'s real birthday?	WHEN
Where is Trinidad?	UNKNOWN
Where did the Inuits live?	UNKNOWN
What is the most common cancer?	WHAT
A corgi is a kind of what?	WHAT
When was the Triangle Shirtwaist fire?	WHEN
Where is the Kalahari desert?	UNKNOWN
What is porphyria?	UNKNOWN
What ocean did the Titanic sink in?	WHAT
Who was the 33rd president of the United States?	WHO
At what speed does the Earth revolve around the sun?	UNKNOWN
Who is the emperor of Japan?	WHO
How big is our galaxy in diameter?	UNKNOWN
What language is mostly spoken in Brazil?	WHAT
Who assassinated President McKinley?	WHO
When did Muhammad live?	WHEN
What is the largest variety of cactus?	WHAT
Who invented the radio?	WHO
Where are zebras most likely found?	UNKNOWN
What is anorexia nervosa?	UNKNOWN
What year did Montana become a state?	WHEN
What were the names of the three ships used by Columbus?	WHAT
Who was the 21st U.S. President?	WHO
Where was John Adams born?	UNKNOWN
Who painted Olympia?	WHO
Who was Quetzalcoatl?	UNKNOWN
Where is your corpus callosum?	UNKNOWN
What is the longest word in the English language?	WHAT
What is saltpeter?	UNKNOWN
Who invented silly putty?	WHAT
When was the Brandenburg Gate in Berlin built?	WHEN
When is Boxing Day?	WHEN
What is the exchange rate between England and the U.S.?	UNKNOWN
What is the name of the Jewish alphabet?	WHAT
Who was Maria Theresa?	UNKNOWN
What nationality was Jackson Pollock?	WHAT
Tell me what city the Kentucky Horse Park is near?	WHAT
What is the state nickname of Mississippi?	WHAT
What is the tallest mountain?	WHAT
What is Black Hills, South Dakota most famous for?	UNKNOWN
What kind of animal was Winnie the Pooh?	WHAT
What's another name for aspartame?	WHAT
What does hazmat stand for?	UNKNOWN
What tourist attractions are there in Reims?	UNKNOWN
Name a film in which Jude Law acted.	WHAT
Where are the U.S. headquarters for Procter & Gamble?	UNKNOWN
What's the formal name for Lou Gehrig's disease?	WHAT
What does CNN stand for?	UNKNOWN
When was CNN's first broadcast?	WHEN
Who owns CNN?	UNKNOWN
What is the name of a Salt Lake City newspaper?	WHAT
Who was Jane Goodall?	UNKNOWN
What is pandoro?	UNKNOWN
What is thalassemia?	UNKNOWN
When did Princess Diana and Prince Charles get married?	WHEN
What soft drink contains the largest amount of caffeine?	WHAT
What do you call a group of geese?	WHAT
How many months does a normal human pregnancy last?	UNKNOWN
What format was VHS's main competition?	UNKNOWN
What culture developed the idea of potlatch?	WHAT
Where is Logan International located?	UNKNOWN
What university was Woodrow Wilson President of?	UNKNOWN
Where is Basque country located?	UNKNOWN
What does CPR stand for?	UNKNOWN
What state produces the best lobster to eat?	WHAT
Who was Darth Vader's son?	WHO
What is a nanometer?	UNKNOWN
How did Bob Marley die?	UNKNOWN
What instrument is Ray Charles best known for playing?	WHAT
What is Dick Clark's birthday?	WHEN
What is titanium?	UNKNOWN
"What is Nine Inch Nails?"	UNKNOWN
Where was Poe born?	UNKNOWN
What king was forced to agree to the Magna Carta?	WHAT
What's the name of Pittsburgh's baseball team?	WHAT
What is the chemical formula name for napalm?	UNKNOWN
Where is the location of the Orange Bowl?	UNKNOWN
When was the last major eruption of Mount St. Helens?	WHEN
What is the abbreviation for Original Equipment Manufacturer?	UNKNOWN
What is anise?	UNKNOWN
Where is Rider College located?	UNKNOWN
What does Nicholas Cage do for a living?	UNKNOWN
What does caliente mean (in English)?	UNKNOWN
Where is McCarren Airport?	UNKNOWN
"Who created ""The Muppets""?"	WHO
When is Bastille Day?	WHEN
What is the Islamic counterpart to the Red Cross?	UNKNOWN
What is Colin Powell best known for?	UNKNOWN
What is the busiest air travel season?	UNKNOWN
Where is Webster University?	UNKNOWN
What's the name of a golf course in Myrtle Beach?	WHAT
When was John D. Rockefeller born?	WHEN
Name a Gaelic language.	WHAT
"Who was the author of the book about computer hackers called ""The Cuckoo's Egg: Tracking a Spy Through the Maze of Computer Espionage""?"	WHO
What is measured in curies?	WHAT
What is a stratocaster?	UNKNOWN
Where are the headquarters of Eli Lilly?	UNKNOWN
Where did Hillary Clinton graduate college?	UNKNOWN
Where is Glasgow?	UNKNOWN
Who was Samuel Johnsons's friend and biographer?	WHO
What is tyvek?	UNKNOWN
"Who coined the term ""cyberspace"" in his novel ""Neuromancer""?"	WHO
Who is the president of Bolivia?	WHO
What year did Hitler die?	WHEN
When did the American Civil War end?	WHEN
Who created the character of Scrooge?	WHO
Who first broke the sound barrier?	WHO
What is the salary of a U.S. Representative?	UNKNOWN
Name one of the Seven Wonders of the Ancient World.	WHAT
What are the birth dates for scorpios?	UNKNOWN
What is the airport code for Los Angeles International?	UNKNOWN
Who provides telephone service in Orange County, California?	UNKNOWN
What is the zip code for Fremont, CA?	UNKNOWN
Who shot Billy the Kid?	WHO
Who is the monarch of the United Kingdom?	UNKNOWN
What is sake?	UNKNOWN
"What is the name of the Lion King's son in the movie, ""The Lion King""?"	WHAT
Where is Amsterdam?	UNKNOWN
"How many states have a ""lemon law"" for new automobiles?"	UNKNOWN
What was the name of the movie that starred Sharon Stone and Arnold Schwarzenegger?	WHAT
What continent is Bolivia on?	WHAT
What are the Poconos?	UNKNOWN
Where did guinea pigs originate?	UNKNOWN
Where did Woodstock take place?	UNKNOWN
What is the name of the vaccine for chicken pox?	WHAT
What is Betsy Ross famous for?	UNKNOWN
"Who wrote the book, ""The Grinch Who Stole Christmas""?"	WHO
"When did Aldous Huxley write, ""Brave New World""?"	WHEN
"Who wrote the book, ""Song of Solomon""?"	WHO
"Who portrayed Jake in the television show, ""Jake and the Fatman""?"	WHO
"Who portrayed Fatman in the television show, ""Jake and the Fatman""?"	WHO
Where is Venezuela?	UNKNOWN
What city in Florida is Sea World in?	WHAT
What is the population of Ohio?	UNKNOWN
What is one of the cities that the University of Minnesota is located in?	WHAT
What kind of sports team is the Buffalo Sabres?	UNKNOWN
Who is the founder of the Wal-Mart stores?	WHO
What city is Massachusetts General Hospital located in?	WHAT
"Who reports the weather on the ""Good Morning America"" television show?"	WHO
When did the California lottery begin?	WHEN
Where is Los Vegas?	UNKNOWN
When was Beethoven born?	WHO
What's the name of the tiger that advertises for Frosted Flakes cereal?	WHAT
Where is Tufts University?	UNKNOWN
What movie did Madilyn Kahn star in with Gene Wilder?	WHAT
When did the royal wedding of Prince Andrew and Fergie take place?	WHEN
"What cereal goes ""snap, crackle, pop""?"	WHAT
For what disease is the drug Sinemet used as a treatment?	WHAT
Who is Henry Butler?	UNKNOWN
What province is Edmonton located in?	WHAT
In what area of the world was the Six Day War fought?	UNKNOWN
What is the zip code for Parsippany, NJ?	UNKNOWN
When was the first Barbie produced?	WHEN
"What was the distinguishing mark on the ""Little Rascals"" dog?"	UNKNOWN
What does EKG stand for?	UNKNOWN
What is Chiricahua the name of?	UNKNOWN
Where did Wicca first develop?	UNKNOWN
Name a symptom of mononucleosis.	UNKNOWN
Where are diamonds mined?	UNKNOWN
When was the NFL established?	WHEN
What are geckos?	UNKNOWN
Who is Terrence Malick?	UNKNOWN
"What other name were the ""Little Rascals"" known as?"	WHAT
"What was the name of the ""Little Rascals"" dog?"	WHAT
"What breed of dog was the ""Little Rascals"" dog?"	WHAT
Who won the rugby world cup in 1987?	WHAT
Where is Windsor Castle?	UNKNOWN
"Who portrayed ""Rosanne Rosanna-Dana"" on the television show ""Saturday Night Live""?"	WHO
What is the population of the United States?	UNKNOWN
What animal do buffalo wings come from?	WHAT
When was the bar-code invented?	WHEN
What is witch hazel?	UNKNOWN
What's the abbreviation for limited partnership?	UNKNOWN
What was the purpose of the Manhattan project?	UNKNOWN
What is the most common kind of skin cancer in the U.S.?	WHAT
Name a civil war battlefield.	WHAT
What are pomegranates?	UNKNOWN
"Who wrote the song, ""Silent Night""?"	WHO
"Who portrayed ""the man without a face"" in the movie of the same name?"	WHO
When was the Hoover Dam constructed?	WHEN
What's the most famous tourist attraction in Rome?	WHAT
At Christmas time, what is the traditional thing to do under the mistletoe?	UNKNOWN
What is the Pennsylvania state income tax rate?	UNKNOWN
What is the name of the Michelangelo painting that shows two hands with fingers touching?	WHAT
What caused the Lynmouth floods?	UNKNOWN
"What is the name of the company that manufactures the ""American Girl"" doll collection?"	WHAT
How many zip codes are there in the U.S.?	UNKNOWN
What was the name of the Titanic's captain?	WHAT
How many copies of an album must be sold for it to be a gold album?	UNKNOWN
When is the Tulip Festival in Michigan?	WHEN
What is Giorgio Vasari famous for?	UNKNOWN
Who created the character James Bond?	WHO
What store does Martha Stewart advertise for?	WHAT
Name an American made motorcycle.	WHAT
What Cruise Line does Kathie Lee Gifford advertise for?	WHAT
Name a movie that the actress, Sandra Bullock, had a role in.	WHAT
Where is the Thomas Edison Museum?	UNKNOWN
What is TCI?	UNKNOWN
What state does MO stand for?	WHAT
Name a female figure skater.	WHO
What state is the Filenes store located in?	WHAT
How much calcium should an adult female have daily?	UNKNOWN
What hockey team did Wayne Gretzky play for?	WHAT
What hair color can I use to just cover a little gray?	WHAT
How long would it take for a $50 savings bond to mature?	UNKNOWN
How many home runs did Lou Gehrig have during his career?	UNKNOWN
How many states have a lottery?	UNKNOWN
What kind of a sports team is the Wisconsin Badgers?	UNKNOWN
What is the name of Joan Jett's band?	WHAT
Can you give me the name of a clock maker in London, England?	WHAT
What was the name of the sitcom that Alyssa Milano starred in with Tony Danza?	WHAT
What is the real name of the singer, Madonna?	WHAT
Where did yoga originate?	UNKNOWN
What flower did Vincent Van Gogh paint?	WHAT
What radio station did Paul Harvey work for?	WHAT
What's the name of the song Will Smith sings about parents?	WHAT
What does NASA stand for?	UNKNOWN
What famous model was married to Billy Joel?	WHO
What is the chemical symbol for nitrogen?	UNKNOWN
In what book can I find the story of Aladdin?	WHAT
When did World War I start?	WHEN
What state is Niagra Falls located in?	UNKNOWN
"What's the name of the actress who starred in the movie, ""Silence of the Lambs""?"	WHO
Who owns the St. Louis Rams?	WHO
Where could I go to take a ride on a steam locomotive?	UNKNOWN
When was the movie, Caligula, made?	WHEN
Name an American war plane?	WHAT
Where is Burma?	UNKNOWN
How many highway miles to the gallon can you get with the Ford Fiesta?	UNKNOWN
Name a novel written by John Steinbeck.	WHAT
"Who wrote the song, ""Boys of Summer""?"	WHO
What is the mascot for Notre Dame University?	WHO
What is typhoid fever?	UNKNOWN
When did the neanderthal man live?	WHO
"Who manufactures the software, ""PhotoShop""?"	UNKNOWN
How many casinos are in Atlantic City, NJ?	UNKNOWN
What state does Martha Stewart live in?	WHAT
Who was the first woman in space?	WHO
What are Cushman and Wakefield known for?	UNKNOWN
What is D.B. Cooper known for?	UNKNOWN
When was Nostradamus born?	WHEN
"When was ""the Great Depression""?"	WHEN
What is Archimedes famous for?	UNKNOWN
What is the medical condition of hypertension?	UNKNOWN
"Who created the comic strip, ""Garfield""?"	WHO
Where is the Isle of Man?	UNKNOWN
"Who wrote the book, ""Huckleberry Finn""?"	WHO
"What day is known as the ""national day of prayer""?"	WHAT
What is the purpose of a car bra?	UNKNOWN
What are chloroplasts?	UNKNOWN
What is the name of the art of growing miniature trees?	WHAT
What is the telephone number for the University of Kentucky?	UNKNOWN
"Who wrote ""The Scarlet Letter""?"	WHO
Name an art gallery in New York.	WHAT
What type of hunting are retrievers used for?	UNKNOWN
What party was Winston Churchill a member of?	WHAT
How was Teddy Roosevelt related to FDR?	UNKNOWN
When did the Chernobyl nuclear accident occur?	WHEN
What does SIDS stand for?	UNKNOWN
"What's the name of the star of the cooking show, ""Galloping Gourmet""?"	WHAT
What city is 94.5 KDGE Radio located in?	UNKNOWN
What President became Chief Justice after his presidency?	WHO
What actor first portrayed James Bond?	UNKNOWN
Who won the nobel prize in literature in 1988?	WHO
What's the name of the Tampa newspaper?	WHAT
How long do hermit crabs live?	UNKNOWN
What is Dr. Ruth's last name?	WHAT
What is cribbage?	UNKNOWN
Italy is the largest producer of what?	WHAT
"What wrestling star became ""The Incredible Hulk""?"	WHAT
"Who wrote ""The Pit and the Pendulum""?"	WHO
Who manufacturers Magic Chef applicances?	UNKNOWN
When was the first Wall Street Journal published?	WHEN
What is the normal resting heart rate of a healthy adult?	UNKNOWN
Who's the lead singer of the Led Zeppelin band?	WHO
"Who wrote ""An Ideal Husband""?"	WHO
What is ouzo?	UNKNOWN
When did the Dow first reach 2000?	WHEN
Who was Charles Lindbergh's wife?	WHO
How many miles is it from London, England to Plymouth, England?	UNKNOWN
Who is Secretary-General of the United Nations?	WHO
Who played the teacher in Dead Poet's Society?	WHO
How many counties are in Indiana?	UNKNOWN
"What actress starred in ""The Lion in Winter""?"	WHO
Where was Tesla born?	UNKNOWN
What's the name of a hotel in Indianapolis?	WHAT
What U.S. Government agency registers trademarks?	WHAT
Who started the Dominos Pizza chain?	WHO
What is the hair style called that new military recruits receive?	WHAT
In what country is a stuck-out tongue a friendly greeting?	UNKNOWN
Where is Kings Canyon?	UNKNOWN
Where is the Mayo Clinic?	UNKNOWN
How big is the Electoral College?	UNKNOWN
How much does one ton of cement cost?	UNKNOWN
Where does Mother Angelica live?	UNKNOWN
How many people watch network television?	UNKNOWN
What is the name of a Greek god?	WHAT
What year was the first automobile manufactured?	WHEN
What's the population of Mississippi?	UNKNOWN
What was the name of Jacques Cousteau's ship?	WHAT
What are the names of Jacques Cousteau's two sons?	WHO
What is Java?	UNKNOWN
What does Final Four refer to in the sports world?	UNKNOWN
What does Knight Ridder publish?	WHAT
What task does the Bouvier breed of dog perform?	UNKNOWN
What sport do the Cleaveland Cavaliers play?	WHAT
What year was the Avery Dennison company founded?	WHEN
What's the population of Biloxi, Mississippi?	UNKNOWN
Name a ballet company Mikhail Baryshnikov has danced for?	WHAT
What was the name of the television show, staring Karl Malden, that had San Francisco in the title?	WHAT
Who was the founding member of the Pink Floyd band?	WHO
What did Delilah do to Samson's hair?	UNKNOWN
What's the name of the Tokyo Stock Exchange?	WHAT
What actor first portrayed James Bond?	WHO
What type of horses appear on the Budweiser commercials?	WHAT
What do river otters eat?	WHAT
When did the art of quilting begin?	WHEN
When did Amtrak begin operations?	WHEN
Where is the Smithsonian Institute located?	UNKNOWN
What year did the Vietnam War end?	WHEN
What country are Godiva chocolates from?	WHAT
What is the time of the class?  WHEN
How many islands does Fiji have?	UNKNOWN
What card company sells Christmas ornaments?	WHAT
Who manufactures synthroid?	UNKNOWN
What year was Desmond Mpilo Tutu awarded the Nobel Peace Prize?	WHEN
What city did the Flintstones live in?	UNKNOWN
Who was the oldest U.S. president?	WHO
Who was the tallest U.S. president?	WHO
Where is Santa Lucia?	UNKNOWN
Which U.S. President is buried in Washington, D.C.?	WHO
Where is Ocho Rios?	UNKNOWN
What year was Janet Jackson's first album released?	WHEN
What is another name for nearsightedness?	WHAT
Winnie the Pooh is what kind of animal?	WHAT
What species was Winnie the Pooh?	WHAT
Winnie the Pooh is an imitation of which animal?	WHAT
What was the species of Winnie the Pooh?	WHAT
Aspartame is also known as what?	WHAT
What is a synonym for aspartame?	WHAT
Aspartame is known by what other name?	WHAT
Aspartame is also called what?	WHAT
Hazmat stands for what?	UNKNOWN
What is the definition of hazmat?	UNKNOWN
What are the names of the tourist attractions in Reims?	UNKNOWN
What do most tourists visit in Reims?	UNKNOWN
What attracts tourists to Reims?	UNKNOWN
What are tourist attractions in Reims?	UNKNOWN
What could I see in Reims?	UNKNOWN
What is worth seeing in Reims?	UNKNOWN
What can one see in Reims?	UNKNOWN
Jude Law was in what movie?	WHAT
Jude Law acted in which film?	WHAT
What is a film starring Jude Law?	WHAT
What film was Jude Law in?	WHAT
What film or films has Jude Law appeared in?	UNKNOWN
What city houses the U.S. headquarters of Procter and Gamble?	UNKNOWN
Where is Procter & Gamble headquartered in the U.S.?	UNKNOWN
What is the U.S. location of Procter & Gamble corporate offices?	UNKNOWN
Procter & Gamble is headquartered in which U.S. city?	UNKNOWN
Where is Procter & Gamble based in the U.S.?	UNKNOWN
What is the recommended daily requirement for folic acid for pregnant women?	UNKNOWN
How much folic acid should a pregnant woman get each day?	UNKNOWN
What is the daily requirement of folic acid for an expectant mother?	UNKNOWN
What amount of folic acid should an expectant mother take daily?	UNKNOWN
Name the first Russian astronaut to do a spacewalk.	WHO
Who was the first Russian astronaut to walk in space?	WHO
Who was the first Russian to do a spacewalk?	WHO
CNN is the abbreviation for what?	UNKNOWN
CNN is an acronym for what?	UNKNOWN
What was the date of CNN's first broadcast?	WHEN
CNN began broadcasting in what year?	WHEN
CNN's first broadcast occurred on what date?	WHEN
When did CNN begin broadcasting?	WHEN
When did CNN go on the air?	WHEN
Who is the owner of CNN?	UNKNOWN
CNN is owned by whom?	UNKNOWN
What newspaper serves Salt Lake City?	WHAT
Name a Salt Lake City newspaper.	WHAT
What is Jane Goodall famous for?	UNKNOWN
What is Jane Goodall known for?	UNKNOWN
Why is Jane Goodall famous?	UNKNOWN
What made Jane Goodall famous?	UNKNOWN
Define thalassemia.	UNKNOWN
What is the meaning of thalassemia?	UNKNOWN
How is thalassemia defined?	UNKNOWN
What soft drink is most heavily caffeinated?	UNKNOWN
What is the most heavily caffeinated soft drink?	UNKNOWN
To get the most caffeine, what soda should I drink?	UNKNOWN
Which type of soda has the greatest amount of caffeine?	UNKNOWN
What soft drink would provide me with the biggest intake of caffeine?	UNKNOWN
What is the collective term for geese?	WHAT
What time does the match start? WHEN
What is the collective noun for geese?	WHAT
What is the term for a group of geese?	WHAT
What is the name given to a group of geese?	WHAT
What is the gestation period for human pregnancies?	UNKNOWN
How long is human gestation?	UNKNOWN
What is the gestation period for humans?	UNKNOWN
A normal human pregnancy lasts how many months?	UNKNOWN
What was the alternate to VHS?	UNKNOWN
What video format was an alternative to VHS?	UNKNOWN
What format was the major competition of VHS?	UNKNOWN
What ethnic group introduced the idea of potlatch?	UNKNOWN
What is the cultural origin of the ceremony of potlatch?	UNKNOWN
Who developed potlatch?	UNKNOWN
Where is Logan Airport?	UNKNOWN
What city is Logan Airport in?	UNKNOWN
Logan International serves what city?	UNKNOWN
Logan International is located in what city?	UNKNOWN
What city's airport is named Logan International?	UNKNOWN
What city is served by Logan International Airport?	UNKNOWN
Woodrow Wilson was president of which university?	WHAT
Name the university of which Woodrow Wilson was president.	WHAT
Woodrow Wilson served as president of what university?	WHAT
What does the acronym CPR mean?	UNKNOWN
What do the initials CPR stand for?	UNKNOWN
CPR is the abbreviation for what?	UNKNOWN
"What is the meaning of ""CPR""?"	UNKNOWN
What was the name of Darth Vader's son?	WHO
What was Darth Vader's son named?	WHO
What caused the death of Bob Marley?	UNKNOWN
What killed Bob Marley?	UNKNOWN
What was the cause of Bob Marley's death?	UNKNOWN
What instrument does Ray Charles play?	UNKNOWN
Musician Ray Charles plays what instrument?	WHAT
Ray Charles plays which instrument?	WHAT
Ray Charles is best known for playing what instrument?	WHAT
When was Dick Clark born?	WHEN
When is Dick Clark's birthday?	WHEN
What is Dick Clark's date of birth?	WHEN
What was Poe's birthplace?	UNKNOWN
What was the birthplace of Edgar Allen Poe?	UNKNOWN
Where is Poe's birthplace?	UNKNOWN
What monarch signed the Magna Carta?	WHO
Which king signed the Magna Carta?	WHO
Who was the king who was forced to agree to the Magna Carta?	WHO
What king signed the Magna Carta?	WHO
Who was the king who signed the Magna Carta?	WHO
Where is one's corpus callosum found?	UNKNOWN
What part of your body contains the corpus callosum?	WHAT
The corpus callosum is in what part of the body?	WHAT
What English word has the most letters?	WHAT
What English word contains the most letters?	WHAT
What is the longest English word?	WHAT
What is the name of the inventor of silly putty?	WHO
Silly putty was invented by whom?	WHO
Who was the inventor of silly putty?	WHO
When was Berlin's Brandenburg gate erected?	WHEN
What is the date of Boxing Day?	WHEN
What date is Boxing Day?	WHEN
Boxing Day is celebrated on what date?	WHEN
What city does McCarren Airport serve?	UNKNOWN
What city is served by McCarren Airport?	UNKNOWN
McCarren Airport is located in what city?	UNKNOWN
What is the location of McCarren Airport?	UNKNOWN
Where is McCarren Airport located?	UNKNOWN
"Who invented ""The Muppets""?"	UNKNOWN
"What was the name of ""The Muppets"" creator?"	UNKNOWN
What is the time?	WHEN
